{
  "level_num": 26,
  "frame_index": 160,
  "gameplay_frame_index": 161,
  "resolution": {
    "width": 550,
    "height": 400
  },
  "player_size": {
    "w": 18,
    "h": 18
  },
  "player_speed": 3.0,
  "spawn": {
    "x": 275.0,
    "y": 275.0
  },
  "checkpoint_order": [
    "check1"
  ],
  "win_check": "check2",
  "check_regions": {
    "check2": {
      "x0": 225.0,
      "y0": 225.0,
      "x1": 324.0,
      "y1": 324.0,
      "cx": 275.0,
      "cy": 275.0
    },
    "check1": {
      "x0": 225.0,
      "y0": 225.0,
      "x1": 324.0,
      "y1": 324.0,
      "cx": 275.0,
      "cy": 275.0
    }
  },
  "coins_required": 4,
  "coin_positions": [
    [
      38.0,
      288.0
    ],
    [
      513.0,
      288.0
    ],
    [
      450.0,
      100.0
    ],
    [
      100.0,
      100.0
    ]
  ],
  "enemy_tracks": [
    [
      [
        [
          137.81817626953125,
          112.81818389892578
        ],
        [
          387.81817626953125,
          137.81818389892578
        ],
        [
          412.81817626953125,
          161.81818389892578
        ],
        [
          187.81817626953125,
          162.81818389892578
        ],
        [
          162.81817626953125,
          186.81818389892578
        ],
        [
          337.81817626953125,
          187.81818389892578
        ],
        [
          362.81817626953125,
          211.81818389892578
        ],
        [
          237.81817626953125,
          212.81818389892578
        ],
        [
          212.81817626953125,
          236.81818389892578
        ],
        [
          61.81817626953125,
          261.8181838989258
        ],
        [
          112.81817626953125,
          261.8181838989258
        ],
        [
          161.81817626953125,
          261.8181838989258
        ],
        [
          212.81817626953125,
          261.8181838989258
        ],
        [
          334.81817626953125,
          261.8181838989258
        ],
        [
          385.81817626953125,
          261.8181838989258
        ],
        [
          434.81817626953125,
          261.8181838989258
        ],
        [
          485.81817626953125,
          261.8181838989258
        ],
        [
          312.81817626953125,
          262.8181838989258
        ],
        [
          36.81817626953125,
          312.8181838989258
        ],
        [
          87.81817626953125,
          312.8181838989258
        ],
        [
          136.81817626953125,
          312.8181838989258
        ],
        [
          187.81817626953125,
          312.8181838989258
        ],
        [
          359.81817626953125,
          312.8181838989258
        ],
        [
          410.81817626953125,
          312.8181838989258
        ],
        [
          459.81817626953125,
          312.8181838989258
        ],
        [
          510.81817626953125,
          312.8181838989258
        ]
      ]
    ]
  ],
  "enemy_symbols": [
    384
  ],
  "walls_symbols": [
    382
  ],
  "walkable_mask": "level_26_walkable.npz"
}