{
  "level_num": 14,
  "frame_index": 112,
  "gameplay_frame_index": 113,
  "resolution": {
    "width": 550,
    "height": 400
  },
  "player_size": {
    "w": 18,
    "h": 18
  },
  "player_speed": 3.0,
  "spawn": {
    "x": 87.5,
    "y": 237.5
  },
  "checkpoint_order": [
    "check1"
  ],
  "win_check": "check2",
  "check_regions": {
    "check2": {
      "x0": 425.0,
      "y0": 125.0,
      "x1": 499.0,
      "y1": 199.0,
      "cx": 462.5,
      "cy": 162.5
    },
    "check1": {
      "x0": 50.0,
      "y0": 200.0,
      "x1": 124.0,
      "y1": 274.0,
      "cx": 87.5,
      "cy": 237.5
    }
  },
  "coins_required": 0,
  "coin_positions": [],
  "enemy_tracks": [
    [
      [
        [
          312.9581884830556,
          206.06457909117353
        ],
        [
          162.49999946771666,
          209.5000070971112
        ],
        [
          262.49999946771663,
          209.5000070971112
        ],
        [
          363.49999946771663,
          209.5000070971112
        ],
        [
          463.49999946771663,
          209.5000070971112
        ],
        [
          312.9581884830556,
          220.06457909117353
        ],
        [
          162.49999946771666,
          223.5000070971112
        ],
        [
          262.49999946771663,
          223.5000070971112
        ],
        [
          363.49999946771663,
          223.5000070971112
        ],
        [
          463.49999946771663,
          223.5000070971112
        ],
        [
          134.49999946771666,
          237.5000070971112
        ],
        [
          148.49999946771666,
          237.5000070971112
        ],
        [
          162.49999946771666,
          237.5000070971112
        ],
        [
          176.49999946771666,
          237.5000070971112
        ],
        [
          190.49999946771666,
          237.5000070971112
        ],
        [
          234.49999946771666,
          237.5000070971112
        ],
        [
          248.49999946771666,
          237.5000070971112
        ],
        [
          262.49999946771663,
          237.5000070971112
        ],
        [
          276.49999946771663,
          237.5000070971112
        ],
        [
          290.49999946771663,
          237.5000070971112
        ],
        [
          335.49999946771663,
          237.5000070971112
        ],
        [
          349.49999946771663,
          237.5000070971112
        ],
        [
          363.49999946771663,
          237.5000070971112
        ],
        [
          377.49999946771663,
          237.5000070971112
        ],
        [
          391.49999946771663,
          237.5000070971112
        ],
        [
          435.49999946771663,
          237.5000070971112
        ],
        [
          449.49999946771663,
          237.5000070971112
        ],
        [
          463.49999946771663,
          237.5000070971112
        ],
        [
          477.49999946771663,
          237.5000070971112
        ],
        [
          491.49999946771663,
          237.5000070971112
        ],
        [
          162.49999946771666,
          251.5000070971112
        ],
        [
          262.49999946771663,
          251.5000070971112
        ],
        [
          363.49999946771663,
          251.5000070971112
        ],
        [
          463.49999946771663,
          251.5000070971112
        ],
        [
          212.9581884830556,
          256.0645790911735
        ],
        [
          412.9581884830556,
          256.0645790911735
        ],
        [
          162.49999946771666,
          265.50000709711117
        ],
        [
          262.49999946771663,
          265.50000709711117
        ],
        [
          363.49999946771663,
          265.50000709711117
        ],
        [
          463.49999946771663,
          265.50000709711117
        ],
        [
          212.9581884830556,
          270.0645790911735
        ],
        [
          412.9581884830556,
          270.0645790911735
        ]
      ]
    ]
  ],
  "enemy_symbols": [
    277
  ],
  "walls_symbols": [
    272
  ],
  "walkable_mask": "level_14_walkable.npz"
}