{
  "level_num": 1,
  "frame_index": 60,
  "gameplay_frame_index": 61,
  "resolution": {
    "width": 550,
    "height": 400
  },
  "player_size": {
    "w": 18,
    "h": 18
  },
  "player_speed": 3.0,
  "spawn": {
    "x": 87.5,
    "y": 200.0
  },
  "checkpoint_order": [
    "check1"
  ],
  "win_check": "check2",
  "check_regions": {
    "check2": {
      "x0": 425.0,
      "y0": 125.0,
      "x1": 499.0,
      "y1": 274.0,
      "cx": 462.5,
      "cy": 200.0
    },
    "check1": {
      "x0": 50.0,
      "y0": 125.0,
      "x1": 124.0,
      "y1": 274.0,
      "cx": 87.5,
      "cy": 200.0
    }
  },
  "coins_required": 0,
  "coin_positions": [],
  "enemy_tracks": [
    [
      [
        [
          394.5,
          162.5
        ],
        [
          155.5,
          187.5
        ],
        [
          393.5,
          212.5
        ],
        [
          155.5,
          237.5
        ]
      ],
      [
        [
          388.0,
          162.5
        ],
        [
          162.0,
          187.5
        ],
        [
          387.0,
          212.5
        ],
        [
          162.0,
          237.5
        ]
      ],
      [
        [
          381.16666666666663,
          162.5
        ],
        [
          168.83333333333334,
          187.5
        ],
        [
          380.5,
          212.5
        ],
        [
          168.83333333333334,
          237.5
        ]
      ],
      [
        [
          374.5,
          162.5
        ],
        [
          175.5,
          187.5
        ],
        [
          373.5,
          212.5
        ],
        [
          175.5,
          237.5
        ]
      ],
      [
        [
          368.0,
          162.5
        ],
        [
          182.0,
          187.5
        ],
        [
          367.0,
          212.5
        ],
        [
          182.0,
          237.5
        ]
      ],
      [
        [
          361.5,
          162.5
        ],
        [
          188.5,
          187.5
        ],
        [
          360.5,
          212.5
        ],
        [
          188.5,
          237.5
        ]
      ],
      [
        [
          354.5,
          162.5
        ],
        [
          195.5,
          187.5
        ],
        [
          354.0,
          212.5
        ],
        [
          195.5,
          237.5
        ]
      ],
      [
        [
          348.0,
          162.5
        ],
        [
          202.0,
          187.5
        ],
        [
          347.16666666666663,
          212.5
        ],
        [
          202.0,
          237.5
        ]
      ],
      [
        [
          341.5,
          162.5
        ],
        [
          208.5,
          187.5
        ],
        [
          340.5,
          212.5
        ],
        [
          208.5,
          237.5
        ]
      ],
      [
        [
          334.72727272727275,
          162.5
        ],
        [
          215.27272727272725,
          187.5
        ],
        [
          334.0,
          212.5
        ],
        [
          215.27272727272725,
          237.5
        ]
      ],
      [
        [
          328.0,
          162.5
        ],
        [
          222.0,
          187.5
        ],
        [
          327.5,
          212.5
        ],
        [
          222.0,
          237.5
        ]
      ],
      [
        [
          321.5,
          162.5
        ],
        [
          228.5,
          187.5
        ],
        [
          320.83333333333337,
          212.5
        ],
        [
          228.5,
          237.5
        ]
      ],
      [
        [
          315.0,
          162.5
        ],
        [
          235.0,
          187.5
        ],
        [
          314.0,
          212.5
        ],
        [
          235.0,
          237.5
        ]
      ],
      [
        [
          308.16666666666663,
          162.5
        ],
        [
          241.83333333333331,
          187.5
        ],
        [
          307.5,
          212.5
        ],
        [
          241.83333333333331,
          237.5
        ]
      ],
      [
        [
          301.5,
          162.5
        ],
        [
          248.5,
          187.5
        ],
        [
          301.0,
          212.5
        ],
        [
          248.5,
          237.5
        ]
      ],
      [
        [
          295.0,
          162.5
        ],
        [
          255.0,
          187.5
        ],
        [
          294.5,
          212.5
        ],
        [
          255.0,
          237.5
        ]
      ],
      [
        [
          288.5,
          162.5
        ],
        [
          261.5,
          187.5
        ],
        [
          287.5,
          212.5
        ],
        [
          261.5,
          237.5
        ]
      ],
      [
        [
          281.5,
          162.5
        ],
        [
          268.5,
          187.5
        ],
        [
          281.0,
          212.5
        ],
        [
          268.5,
          237.5
        ]
      ],
      [
        [
          275.0,
          162.5
        ],
        [
          275.0,
          187.5
        ],
        [
          274.5,
          212.5
        ],
        [
          275.0,
          237.5
        ]
      ],
      [
        [
          268.5,
          162.5
        ],
        [
          281.5,
          187.5
        ],
        [
          268.0,
          212.5
        ],
        [
          281.5,
          237.5
        ]
      ],
      [
        [
          261.5,
          162.5
        ],
        [
          288.5,
          187.5
        ],
        [
          261.5,
          212.5
        ],
        [
          288.5,
          237.5
        ]
      ],
      [
        [
          255.0,
          162.5
        ],
        [
          295.0,
          187.5
        ],
        [
          254.5,
          212.5
        ],
        [
          295.0,
          237.5
        ]
      ],
      [
        [
          248.5,
          162.5
        ],
        [
          301.5,
          187.5
        ],
        [
          248.0,
          212.5
        ],
        [
          301.5,
          237.5
        ]
      ],
      [
        [
          241.83333333333331,
          162.5
        ],
        [
          308.16666666666663,
          187.5
        ],
        [
          241.5,
          212.5
        ],
        [
          308.16666666666663,
          237.5
        ]
      ],
      [
        [
          235.0,
          162.5
        ],
        [
          315.0,
          187.5
        ],
        [
          235.0,
          212.5
        ],
        [
          315.0,
          237.5
        ]
      ],
      [
        [
          228.5,
          162.5
        ],
        [
          321.5,
          187.5
        ],
        [
          228.16666666666669,
          212.5
        ],
        [
          321.5,
          237.5
        ]
      ],
      [
        [
          222.0,
          162.5
        ],
        [
          328.0,
          187.5
        ],
        [
          221.5,
          212.5
        ],
        [
          328.0,
          237.5
        ]
      ],
      [
        [
          215.27272727272725,
          162.5
        ],
        [
          334.72727272727275,
          187.5
        ],
        [
          215.0,
          212.5
        ],
        [
          334.72727272727275,
          237.5
        ]
      ],
      [
        [
          208.5,
          162.5
        ],
        [
          341.5,
          187.5
        ],
        [
          208.5,
          212.5
        ],
        [
          341.5,
          237.5
        ]
      ],
      [
        [
          202.0,
          162.5
        ],
        [
          348.0,
          187.5
        ],
        [
          201.83333333333334,
          212.5
        ],
        [
          348.0,
          237.5
        ]
      ],
      [
        [
          195.5,
          162.5
        ],
        [
          354.5,
          187.5
