{
  "level_num": 22,
  "frame_index": 144,
  "gameplay_frame_index": 145,
  "resolution": {
    "width": 550,
    "height": 400
  },
  "player_size": {
    "w": 18,
    "h": 18
  },
  "player_speed": 3.0,
  "spawn": {
    "x": 500.0,
    "y": 100.0
  },
  "checkpoint_order": [
    "check1"
  ],
  "win_check": "check2",
  "check_regions": {
    "check1": {
      "x0": 475.0,
      "y0": 75.0,
      "x1": 524.0,
      "y1": 124.0,
      "cx": 500.0,
      "cy": 100.0
    },
    "check2": {
      "x0": 125.0,
      "y0": 275.0,
      "x1": 174.0,
      "y1": 324.0,
      "cx": 150.0,
      "cy": 300.0
    }
  },
  "coins_required": 0,
  "coin_positions": [],
  "enemy_tracks": [
    [
      [
        [
          113.81818389892578,
          85.81818389892578
        ],
        [
          262.8181838989258,
          87.81818389892578
        ],
        [
          463.8181838989258,
          87.81818389892578
        ],
        [
          88.81818389892578,
          111.81818389892578
        ],
        [
          136.81818389892578,
          111.81818389892578
        ],
        [
          337.8181838989258,
          111.81818389892578
        ],
        [
          111.81818389892578,
          136.81818389892578
        ],
        [
          262.8181838989258,
          136.81818389892578
        ],
        [
          362.8181838989258,
          136.81818389892578
        ],
        [
          237.81818389892578,
          162.81818389892578
        ],
        [
          337.8181838989258,
          162.81818389892578
        ],
        [
          261.8181838989258,
          186.81818389892578
        ],
        [
          463.8181838989258,
          187.81818389892578
        ],
        [
          337.8181838989258,
          211.81818389892578
        ],
        [
          461.8181838989258,
          236.81818389892578
        ],
        [
          87.81818389892578,
          262.8181838989258
        ],
        [
          436.8181838989258,
          262.8181838989258
        ],
        [
          112.81818389892578,
          286.8181838989258
        ],
        [
          312.8181838989258,
          286.8181838989258
        ],
        [
          463.8181838989258,
          287.8181838989258
        ],
        [
          337.8181838989258,
          311.8181838989258
        ],
        [
          87.81818389892578,
          312.8181838989258
        ],
        [
          237.81818389892578,
          312.8181838989258
        ],
        [
          287.8181838989258,
          312.8181838989258
        ]
      ]
    ]
  ],
  "enemy_symbols": [
    352
  ],
  "walls_symbols": [
    349
  ],
  "walkable_mask": "level_22_walkable.npz"
}