{
  "level_num": 25,
  "frame_index": 156,
  "gameplay_frame_index": 157,
  "resolution": {
    "width": 550,
    "height": 400
  },
  "player_size": {
    "w": 18,
    "h": 18
  },
  "player_speed": 3.0,
  "spawn": {
    "x": 75.0,
    "y": 100.0
  },
  "checkpoint_order": [
    "check1"
  ],
  "win_check": "check2",
  "check_regions": {
    "check2": {
      "x0": 475.0,
      "y0": 250.0,
      "x1": 524.0,
      "y1": 299.0,
      "cx": 500.0,
      "cy": 275.0
    },
    "check1": {
      "x0": 50.0,
      "y0": 75.0,
      "x1": 99.0,
      "y1": 124.0,
      "cx": 75.0,
      "cy": 100.0
    }
  },
  "coins_required": 0,
  "coin_positions": [],
  "enemy_tracks": [
    [
      [
        [
          62.933332443237305,
          137.94444274902344
        ],
        [
          110.9333324432373,
          137.94444274902344
        ],
        [
          62.933332443237305,
          162.94444274902344
        ],
        [
          110.9333324432373,
          162.94444274902344
        ],
        [
          62.933332443237305,
          187.94444274902344
        ],
        [
          110.9333324432373,
          187.94444274902344
        ],
        [
          62.933332443237305,
          213.94444274902344
        ],
        [
          110.9333324432373,
          213.94444274902344
        ],
        [
          36.49999910990397,
          237.49999830457898
        ],
        [
          62.933332443237305,
          238.94444274902344
        ],
        [
          110.9333324432373,
          238.94444274902344
        ],
        [
          48.499999109903975,
          249.49999830457898
        ],
        [
          60.499999109903975,
          261.499998304579
        ],
        [
          112.49999910990397,
          263.499998304579
        ],
        [
          137.49999910990397,
          263.499998304579
        ],
        [
          162.49999910990397,
          263.499998304579
        ],
        [
          186.49999910990397,
          263.499998304579
        ],
        [
          211.49999910990397,
          263.499998304579
        ],
        [
          237.49999910990397,
          263.499998304579
        ],
        [
          262.49999910990397,
          263.499998304579
        ],
        [
          287.49999910990397,
          263.499998304579
        ],
        [
          312.49999910990397,
          263.499998304579
        ],
        [
          337.49999910990397,
          263.499998304579
        ],
        [
          362.49999910990397,
          263.499998304579
        ],
        [
          387.49999910990397,
          263.499998304579
        ],
        [
          412.49999910990397,
          263.499998304579
        ],
        [
          437.49999910990397,
          263.499998304579
        ],
        [
          462.49999910990397,
          263.499998304579
        ],
        [
          73.49999910990397,
          274.499998304579
        ],
        [
          85.49999910990397,
          286.499998304579
        ],
        [
          98.49999910990397,
          299.499998304579
        ],
        [
          137.49999910990397,
          311.499998304579
        ],
        [
          162.49999910990397,
          311.499998304579
        ],
        [
          186.49999910990397,
          311.499998304579
        ],
        [
          211.49999910990397,
          311.499998304579
        ],
        [
          237.49999910990397,
          311.499998304579
        ],
        [
          262.49999910990397,
          311.499998304579
        ],
        [
          287.49999910990397,
          311.499998304579
        ],
        [
          312.49999910990397,
          311.499998304579
        ],
        [
          337.49999910990397,
          311.499998304579
        ],
        [
          362.49999910990397,
          311.499998304579
        ],
        [
          387.49999910990397,
          311.499998304579
        ],
        [
          412.49999910990397,
          311.499998304579
        ],
        [
          437.49999910990397,
          311.499998304579
        ],
        [
          462.49999910990397,
          311.499998304579
        ],
        [
          111.49999910990397,
          312.499998304579
        ]
      ]
    ]
  ],
  "enemy_symbols": [
    377
  ],
  "walls_symbols": [
    370
  ],
  "walkable_mask": "level_25_walkable.npz"
}