{
  "level_num": 15,
  "frame_index": 116,
  "gameplay_frame_index": 117,
  "resolution": {
    "width": 550,
    "height": 400
  },
  "player_size": {
    "w": 18,
    "h": 18
  },
  "player_speed": 3.0,
  "spawn": {
    "x": 62.5,
    "y": 100.0
  },
  "checkpoint_order": [
    "check1"
  ],
  "win_check": "check2",
  "check_regions": {
    "check2": {
      "x0": 450.0,
      "y0": 275.0,
      "x1": 524.0,
      "y1": 324.0,
      "cx": 487.5,
      "cy": 300.0
    },
    "check1": {
      "x0": 25.0,
      "y0": 75.0,
      "x1": 99.0,
      "y1": 124.0,
      "cx": 62.5,
      "cy": 100.0
    }
  },
  "coins_required": 0,
  "coin_positions": [],
  "enemy_tracks": [
    [
      [
        [
          161.8095245361328,
          87.92855834960938
        ],
        [
          211.8095245361328,
          87.92855834960938
        ],
        [
          261.8095245361328,
          87.92855834960938
        ],
        [
          362.8095245361328,
          87.92855834960938
        ],
        [
          412.8095245361328,
          87.92855834960938
        ],
        [
          463.8095245361328,
          87.92855834960938
        ],
        [
          512.8095245361328,
          87.92855834960938
        ],
        [
          437.8095245361328,
          136.92855834960938
        ],
        [
          61.80952453613281,
          162.92855834960938
        ],
        [
          487.8095245361328,
          237.92855834960938
        ],
        [
          111.80952453613281,
          262.9285583496094
        ],
        [
          311.8095245361328,
          262.9285583496094
        ],
        [
          37.80952453613281,
          312.9285583496094
        ],
        [
          86.80952453613281,
          312.9285583496094
        ],
        [
          136.8095245361328,
          312.9285583496094
        ],
        [
          186.8095245361328,
          312.9285583496094
        ],
        [
          236.8095245361328,
          312.9285583496094
        ],
        [
          286.8095245361328,
          312.9285583496094
        ],
        [
          337.8095245361328,
          312.9285583496094
        ],
        [
          387.8095245361328,
          312.9285583496094
        ]
      ]
    ]
  ],
  "enemy_symbols": [
    286
  ],
  "walls_symbols": [
    282
  ],
  "walkable_mask": "level_15_walkable.npz"
}