{
  "level_num": 19,
  "frame_index": 132,
  "gameplay_frame_index": 133,
  "resolution": {
    "width": 550,
    "height": 400
  },
  "player_size": {
    "w": 18,
    "h": 18
  },
  "player_speed": 3.0,
  "spawn": {
    "x": 100.0,
    "y": 200.0
  },
  "checkpoint_order": [
    "check1"
  ],
  "win_check": "check2",
  "check_regions": {
    "check2": {
      "x0": 425.0,
      "y0": 150.0,
      "x1": 474.0,
      "y1": 249.0,
      "cx": 450.0,
      "cy": 200.0
    },
    "check1": {
      "x0": 75.0,
      "y0": 150.0,
      "x1": 124.0,
      "y1": 249.0,
      "cx": 100.0,
      "cy": 200.0
    }
  },
  "coins_required": 0,
  "coin_positions": [],
  "enemy_tracks": [
    [
      [
        [
          137.85366821289062,
          137.85366821289062
        ],
        [
          161.85366821289062,
          137.85366821289062
        ],
        [
          210.85366821289062,
          137.85366821289062
        ],
        [
          261.8536682128906,
          137.85366821289062
        ],
        [
          311.8536682128906,
          137.85366821289062
        ],
        [
          360.8536682128906,
          137.85366821289062
        ],
        [
          411.8536682128906,
          137.85366821289062
        ],
        [
          137.85366821289062,
          262.8536682128906
        ],
        [
          186.85366821289062,
          262.8536682128906
        ],
        [
          237.85366821289062,
          262.8536682128906
        ],
        [
          287.8536682128906,
          262.8536682128906
        ],
        [
          336.8536682128906,
          262.8536682128906
        ],
        [
          387.8536682128906,
          262.8536682128906
        ],
        [
          411.8536682128906,
          262.8536682128906
        ]
      ]
    ]
  ],
  "enemy_symbols": [
    313
  ],
  "walls_symbols": [
    310
  ],
  "walkable_mask": "level_19_walkable.npz"
}