{
  "level_num": 20,
  "frame_index": 136,
  "gameplay_frame_index": 137,
  "resolution": {
    "width": 550,
    "height": 400
  },
  "player_size": {
    "w": 18,
    "h": 18
  },
  "player_speed": 3.0,
  "spawn": {
    "x": 500.0,
    "y": 275.0
  },
  "checkpoint_order": [
    "check1"
  ],
  "win_check": "check2",
  "check_regions": {
    "check2": {
      "x0": 25.0,
      "y0": 100.0,
      "x1": 99.0,
      "y1": 149.0,
      "cx": 62.5,
      "cy": 125.0
    },
    "check1": {
      "x0": 475.0,
      "y0": 250.0,
      "x1": 524.0,
      "y1": 299.0,
      "cx": 500.0,
      "cy": 275.0
    }
  },
  "coins_required": 7,
  "coin_positions": [
    [
      488.0,
      113.0
    ],
    [
      463.0,
      188.0
    ],
    [
      313.0,
      188.0
    ],
    [
      388.0,
      213.0
    ],
    [
      388.0,
      138.0
    ],
    [
      238.0,
      138.0
    ],
    [
      238.0,
      213.0
    ]
  ],
  "enemy_tracks": [
    [
      [
        [
          187.7941131591797,
          112.91175842285156
        ],
        [
          337.7941131591797,
          112.91175842285156
        ],
        [
          263.7941131591797,
          162.91175842285156
        ],
        [
          412.7941131591797,
          162.91175842285156
        ],
        [
          187.7941131591797,
          187.91175842285156
        ],
        [
          337.7941131591797,
          187.91175842285156
        ],
        [
          186.7941131591797,
          237.91175842285156
        ],
        [
          262.7941131591797,
          237.91175842285156
        ],
        [
          337.7941131591797,
          237.91175842285156
        ],
        [
          412.7941131591797,
          237.91175842285156
        ],
        [
          487.7941131591797,
          237.91175842285156
        ]
      ]
    ]
  ],
  "enemy_symbols": [
    337
  ],
  "walls_symbols": [
    332
  ],
  "walkable_mask": "level_20_walkable.npz"
}