{
  "level_num": 6,
  "frame_index": 80,
  "gameplay_frame_index": 81,
  "resolution": {
    "width": 550,
    "height": 400
  },
  "player_size": {
    "w": 18,
    "h": 18
  },
  "player_speed": 3.0,
  "spawn": {
    "x": 75.0,
    "y": 100.0
  },
  "checkpoint_order": [
    "check1",
    "check2"
  ],
  "win_check": "check3",
  "check_regions": {
    "check3": {
      "x0": 50.0,
      "y0": 275.0,
      "x1": 99.0,
      "y1": 324.0,
      "cx": 75.0,
      "cy": 300.0
    },
    "check2": {
      "x0": 400.0,
      "y0": 175.0,
      "x1": 499.0,
      "y1": 224.0,
      "cx": 450.0,
      "cy": 200.0
    },
    "check1": {
      "x0": 50.0,
      "y0": 75.0,
      "x1": 99.0,
      "y1": 124.0,
      "cx": 75.0,
      "cy": 100.0
    }
  },
  "coins_required": 4,
  "coin_positions": [
    [
      413.0,
      238.0
    ],
    [
      313.0,
      238.0
    ],
    [
      213.0,
      238.0
    ],
    [
      113.0,
      238.0
    ]
  ],
  "enemy_tracks": [
    [
      [
        [
          149.04776509602863,
          82.99999745686848
        ],
        [
          248.75609842936197,
          82.99999745686848
        ],
        [
          348.756098429362,
          82.99999745686848
        ],
        [
          449.756098429362,
          82.99999745686848
        ],
        [
          149.04776509602863,
          102.9999974568685
        ],
        [
          248.75609842936197,
          102.9999974568685
        ],
        [
          348.756098429362,
          102.9999974568685
        ],
        [
          449.756098429362,
          102.9999974568685
        ],
        [
          107.04776509602864,
          124.99999745686848
        ],
        [
          128.04776509602866,
          124.99999745686848
        ],
        [
          149.04776509602863,
          124.99999745686848
        ],
        [
          171.04776509602863,
          124.99999745686848
        ],
        [
          191.04776509602863,
          124.99999745686848
        ],
        [
          206.756098429362,
          124.99999745686848
        ],
        [
          227.75609842936197,
          124.99999745686848
        ],
        [
          248.75609842936197,
          124.99999745686848
        ],
        [
          270.75609842936194,
          124.99999745686848
        ],
        [
          290.75609842936194,
          124.99999745686848
        ],
        [
          306.75609842936194,
          124.99999745686848
        ],
        [
          327.75609842936194,
          124.99999745686848
        ],
        [
          348.756098429362,
          124.99999745686848
        ],
        [
          370.756098429362,
          124.99999745686848
        ],
        [
          390.756098429362,
          124.99999745686848
        ],
        [
          407.756098429362,
          124.99999745686848
        ],
        [
          428.756098429362,
          124.99999745686848
        ],
        [
          449.756098429362,
          124.99999745686848
        ],
        [
          471.756098429362,
          124.99999745686848
        ],
        [
          491.756098429362,
          124.99999745686848
        ],
        [
          149.04776509602863,
          145.99999745686847
        ],
        [
          248.75609842936197,
          145.99999745686847
        ],
        [
          348.756098429362,
          145.99999745686847
        ],
        [
          449.756098429362,
          145.99999745686847
        ],
        [
          149.04776509602863,
          166.99999745686847
        ],
        [
          248.75609842936197,
          166.99999745686847
        ],
        [
          348.756098429362,
          166.99999745686847
        ],
        [
          449.756098429362,
          166.99999745686847
        ],
        [
          149.04776509602863,
          232.9999974568685
        ],
        [
          248.75609842936197,
          232.9999974568685
        ],
        [
          348.756098429362,
          232.9999974568685
        ],
        [
          449.756098429362,
          232.9999974568685
        ],
        [
          149.04776509602863,
          252.9999974568685
        ],
        [
          248.75609842936197,
          252.9999974568685
        ],
        [
          348.756098429362,
          252.9999974568685
        ],
        [
          449.756098429362,
          252.9999974568685
        ],
        [
          107.04776509602864,
          274.9999974568685
        ],
        [
          128.04776509602866,
          274.9999974568685
        ],
        [
          149.04776509602863,
          274.9999974568685
        ],
        [
          171.04776509602863,
          274.9999974568685
        ],
        [
          191.04776509602863,
          274.9999974568685
        ],
        [
          206.756098429362,
          274.9999974568685
        ],
        [
          227.75609842936197,
          274.9999974568685
        ],
        [
          248.75609842936197,
          274.9999974568685
        ],
        [
          270.75609842936194,
          274.9999974568685
        ],
        [
          290.75609842936194,
          274.9999974568685
        ],
        [
          306.75609842936194,
          274.9999974568685
        ],
        [
          327.75609842936194,
          274.9999974568685
        ],
        [
          348.756098429362,
          274.9999974568685
        ],
        [
          370.756098429362,
          274.9999974568685
        ],
        [
          390.756098429362,
          274.9999974568685
        ],
        [
          407.756098429362,
          274.9999974568685
        ],
        [
          428.756098429362,
          274.9999974568685
        ],
        [
          449.756098429362,
          274.9999974568685
        ],
        [
          471.756098429362,
          274.9999974568685
        ],
        [
          491.756098429362,
          274.9999974568685
        ],
        [
          149.04776509602863,
          295.9999974568685
        ],
        [
          248.75609842936197,
          295.9999974568685
        ],
        [
          348.756098429362,
          295.9999974568685
        ],
        [
          449.756098429362,
          295.9999974568685
        ],
        [
          149.04776509602863,
          316.99999745686847
        ],
        [
          248.75609842936197,
          316.99999745686847
        ],
        [
          348.756098429362,
          316.99999745686847
        ],
        [
          449.756098429362,
          316.99999745686847
        ]
      ]
    ]
  ],
  "enemy_symbols": [
    220
  ],
  "walls_symbols": [
    217
  ],
  "walkable_mask": "level_06_walkable.npz"
}