{
  "level_num": 17,
  "frame_index": 124,
  "gameplay_frame_index": 125,
  "resolution": {
    "width": 550,
    "height": 400
  },
  "player_size": {
    "w": 18,
    "h": 18
  },
  "player_speed": 3.0,
  "spawn": {
    "x": 112.5,
    "y": 87.5
  },
  "checkpoint_order": [
    "check1"
  ],
  "win_check": "check2",
  "check_regions": {
    "check1": {
      "x0": 100.0,
      "y0": 75.0,
      "x1": 124.0,
      "y1": 99.0,
      "cx": 112.5,
      "cy": 87.5
    },
    "check2": {
      "x0": 350.0,
      "y0": 225.0,
      "x1": 374.0,
      "y1": 249.0,
      "cx": 362.5,
      "cy": 237.5
    }
  },
  "coins_required": 0,
  "coin_positions": [],
  "enemy_tracks": [
    [
      [
        [
          137.35365295410156,
          62.18699264526367
        ],
        [
          161.85365295410156,
          112.85365931193033
        ],
        [
          462.85365295410156,
          112.85365931193033
        ],
        [
          237.85365295410156,
          137.85365931193036
        ],
        [
          187.85365295410156,
          162.85365931193036
        ],
        [
          187.85365295410156,
          237.85365931193033
        ],
        [
          388.1869862874349,
          238.18699264526367
        ],
        [
          237.85365295410156,
          262.8536593119303
        ],
        [
          87.85365295410156,
          287.8536593119303
        ],
        [
          237.85365295410156,
          311.8536593119303
        ],
        [
          412.35365295410156,
          337.1869926452637
        ],
        [
          237.85365295410156,
          337.85365931193036
        ]
      ]
    ]
  ],
  "enemy_symbols": [
    300
  ],
  "walls_symbols": [
    296
  ],
  "walkable_mask": "level_17_walkable.npz"
}